"run_date","data_as_of","id","league","game_date","outcome","odds","daysout","ndays","p_model","p_market","edge","ev","bet","model_version","result","payoff"
"2026-10-02","2026-10-02","2026-10-02_Athlone_Cork City","Ireland_division-1","2026-10-02","1",3.47,1,1,0.286097598075867,0.279899601599038,0.00619799647682862,-0.00724133467674248,0,"v2-outcome-aware",NA,NA
"2026-10-02","2026-10-02","2026-10-02_Athlone_Cork City","Ireland_division-1","2026-10-02","2",2.01,1,1,0.491905507445335,0.483209759974459,0.00869574747087654,-0.011269930034876,0,"v2-outcome-aware",NA,NA
"2026-10-02","2026-10-02","2026-10-02_Athlone_Cork City","Ireland_division-1","2026-10-02","X",4.1,1,1,0.230118715763092,0.236890638426503,-0.00677192266341095,-0.0565132653713227,0,"v2-outcome-aware",NA,NA
"2026-10-02","2026-10-02","2026-10-02_Atletico F.C._Real Cundinamarca","Colombia_primera-b","2026-10-02","1",4,1,1,0.256690989434719,0.239814542142353,0.0168764472923658,0.0267639577388763,0,"v2-outcome-aware",NA,NA
"2026-10-02","2026-10-02","2026-10-02_Atletico F.C._Real Cundinamarca","Colombia_primera-b","2026-10-02","2",1.94,1,1,0.480850580334663,0.494462973489388,-0.0136123931547249,-0.067149874150753,0,"v2-outcome-aware",NA,NA
"2026-10-02","2026-10-02","2026-10-02_Atletico F.C._Real Cundinamarca","Colombia_primera-b","2026-10-02","X",3.61,1,1,0.283304369449615,0.265722484368259,0.0175818850813569,0.0227287737131117,0,"v2-outcome-aware",NA,NA
"2026-10-02","2026-10-02","2026-10-02_Blooming_Independiente","Bolivia_copa-pacena","2026-10-02","1",1.61,1,1,0.596991801261902,0.599493186140551,-0.0025013848786487,-0.038843199968338,0,"v2-outcome-aware",NA,NA
"2026-10-02","2026-10-02","2026-10-02_Blooming_Independiente","Bolivia_copa-pacena","2026-10-02","2",4.79,1,1,0.196255955100059,0.201499797429287,-0.00524384232922787,-0.059933975070715,0,"v2-outcome-aware",NA,NA
"2026-10-02","2026-10-02","2026-10-02_Blooming_Independiente","Bolivia_copa-pacena","2026-10-02","X",4.85,1,1,0.185629464685917,0.199007016430162,-0.0133775517442453,-0.0996970962733031,0,"v2-outcome-aware",NA,NA
"2026-10-02","2026-10-02","2026-10-02_Bray_Cobh Ramblers","Ireland_division-1","2026-10-02","1",1.73,1,1,0.585788661241531,0.561184276522263,0.0246043847192688,0.0134143839478493,0,"v2-outcome-aware",NA,NA
"2026-10-02","2026-10-02","2026-10-02_Bray_Cobh Ramblers","Ireland_division-1","2026-10-02","2",4.4,1,1,0.194975234568119,0.220647454178071,-0.0256722196099523,-0.142108967900276,0,"v2-outcome-aware",NA,NA
"2026-10-02","2026-10-02","2026-10-02_Bray_Cobh Ramblers","Ireland_division-1","2026-10-02","X",4.45,1,1,0.208288909494877,0.218168269299666,-0.00987935980478921,-0.073114352747798,0,"v2-outcome-aware",NA,NA
"2026-10-02","2026-10-02","2026-10-02_Dundalk_Bohemians","Ireland_premier-division","2026-10-02","1",3.71,1,10,0.289079219102859,0.267196798752229,0.0218824203506302,0.0724839028716087,0,"v2-outcome-aware",NA,NA
"2026-10-02","2026-10-02","2026-10-02_Dundalk_Bohemians","Ireland_premier-division","2026-10-02","2",2,1,10,0.412552046775818,0.495650061685385,-0.0830980149095675,-0.174895906448364,0,"v2-outcome-aware",NA,NA
"2026-10-02","2026-10-02","2026-10-02_Dundalk_Bohemians","Ireland_premier-division","2026-10-02","X",4.18,1,10,0.272519882023334,0.237153139562385,0.0353667424609491,0.139133106857538,0,"v2-outcome-aware",NA,NA
"2026-10-02","2026-10-02","2026-10-02_Ferro_Deportivo Madryn","Argentina_primera-nacional","2026-10-02","1",2.18,1,1,0.436426901817322,0.455555406565115,-0.0191285047477929,-0.0485893540382384,0,"v2-outcome-aware",NA,NA
"2026-10-02","2026-10-02","2026-10-02_Ferro_Deportivo Madryn","Argentina_primera-nacional","2026-10-02","2",4.26,1,1,0.240737222135067,0.23312459772581,0.00761262440925708,0.0255405662953854,0,"v2-outcome-aware",NA,NA
"2026-10-02","2026-10-02","2026-10-02_Ferro_Deportivo Madryn","Argentina_primera-nacional","2026-10-02","X",3.19,1,1,0.3013189047575,0.311319995709075,-0.0100010909515756,-0.0387926938235761,0,"v2-outcome-aware",NA,NA
"2026-10-02","2026-10-02","2026-10-02_Finn Harps_Kerry","Ireland_division-1","2026-10-02","1",4.04,1,1,0.233424462378025,0.238845823423854,-0.00542136104582866,-0.0569651719927787,0,"v2-outcome-aware",NA,NA
"2026-10-02","2026-10-02","2026-10-02_Finn Harps_Kerry","Ireland_division-1","2026-10-02","2",1.91,1,1,0.514715537428856,0.505202684100717,0.00951285332813911,-0.0168933235108852,0,"v2-outcome-aware",NA,NA
"2026-10-02","2026-10-02","2026-10-02_Finn Harps_Kerry","Ireland_division-1","2026-10-02","X",3.77,1,1,0.250439317524433,0.255951492475429,-0.00551217495099632,-0.055843772932887,0,"v2-outcome-aware",NA,NA
"2026-10-02","2026-10-02","2026-10-02_Helmond_Heracles","Netherlands_eerste-divisie","2026-10-02","1",7.8,1,1,0.110463090240955,0.123280051046285,-0.0128169608053299,-0.138387896120548,0,"v2-outcome-aware",NA,NA
"2026-10-02","2026-10-02","2026-10-02_Helmond_Heracles","Netherlands_eerste-divisie","2026-10-02","2",1.37,1,1,0.642541706562042,0.701886422015347,-0.0593447154533043,-0.119717862010002,0,"v2-outcome-aware",NA,NA
"2026-10-02","2026-10-02","2026-10-02_Helmond_Heracles","Netherlands_eerste-divisie","2026-10-02","X",5.5,1,1,0.172663529217243,0.174833526938368,-0.00216999772112494,-0.0503505893051623,0,"v2-outcome-aware",NA,NA
"2026-10-02","2026-10-02","2026-10-02_Inca Aruba_Municipal Limeno","El-salvador_primera-division","2026-10-02","1",4,1,1,0.257637950778007,0.243390489764792,0.0142474610132158,0.03055180311203,0,"v2-outcome-aware",NA,NA
"2026-10-02","2026-10-02","2026-10-02_Inca Aruba_Municipal Limeno","El-salvador_primera-division","2026-10-02","2",1.97,1,1,0.482110890746117,0.494193887847293,-0.0120829971011761,-0.0502415452301502,0,"v2-outcome-aware",NA,NA
"2026-10-02","2026-10-02","2026-10-02_Inca Aruba_Municipal Limeno","El-salvador_primera-division","2026-10-02","X",3.71,1,1,0.263075013458729,0.262415622387916,0.000659391070813253,-0.0239917000681161,0,"v2-outcome-aware",NA,NA
"2026-10-02","2026-10-02","2026-10-02_Inter Bogotá_Once Caldas","Colombia_primera-a","2026-10-02","1",2.88,1,2,0.316166064143181,0.338619330612752,-0.0224532664695707,-0.0894417352676392,0,"v2-outcome-aware",NA,NA
"2026-10-02","2026-10-02","2026-10-02_Inter Bogotá_Once Caldas","Colombia_primera-a","2026-10-02","2",2.78,1,2,0.346860712766647,0.350799882073642,-0.00393916930699462,-0.0357272185087205,0,"v2-outcome-aware",NA,NA
"2026-10-02","2026-10-02","2026-10-02_Inter Bogotá_Once Caldas","Colombia_primera-a","2026-10-02","X",3.14,1,2,0.299490994215012,0.310580787313606,-0.0110897930985949,-0.0595982781648636,0,"v2-outcome-aware",NA,NA
"2026-10-02","2026-10-02","2026-10-02_Ranheim_Egersund","Norway_obos-ligaen","2026-10-02","1",2.12,1,2,0.484424859285355,0.466474301643154,0.0179505576422005,0.0269807016849519,0,"v2-outcome-aware",NA,NA
"2026-10-02","2026-10-02","2026-10-02_Ranheim_Egersund","Norway_obos-ligaen","2026-10-02","2",3.1,1,2,0.31709431707859,0.319008232091447,-0.00191391501285698,-0.0170076170563698,0,"v2-outcome-aware",NA,NA
"2026-10-02","2026-10-02","2026-10-02_Ranheim_Egersund","Norway_obos-ligaen","2026-10-02","X",4.61,1,2,0.201814192533493,0.214517466265398,-0.0127032737319054,-0.0696365724205971,0,"v2-outcome-aware",NA,NA
"2026-10-02","2026-10-02","2026-10-02_SA Bulo Bulo_Academia del Balompie","Bolivia_copa-pacena","2026-10-02","1",1.44,1,1,0.658406901359558,0.661315032321546,-0.00290813096198828,-0.0518940620422363,0,"v2-outcome-aware",NA,NA
"2026-10-02","2026-10-02","2026-10-02_SA Bulo Bulo_Academia del Balompie","Bolivia_copa-pacena","2026-10-02","2",6.15,1,1,0.138040509074926,0.15484449537285,-0.0168039862979235,-0.151050869189203,0,"v2-outcome-aware",NA,NA
"2026-10-02","2026-10-02","2026-10-02_SA Bulo Bulo_Academia del Balompie","Bolivia_copa-pacena","2026-10-02","X",5.18,1,1,0.16941834539175,0.183840472305604,-0.0144221269138533,-0.122412970870733,0,"v2-outcome-aware",NA,NA
"2026-10-02","2026-10-02","2026-10-02_Seattle Sounders_Sporting Kansas City","Usa_mls","2026-10-02","1",1.58,1,11,0.607779318094254,0.620345439631482,-0.012566121537228,-0.0397086774110793,0,"v2-outcome-aware",NA,NA
"2026-10-02","2026-10-02","2026-10-02_Seattle Sounders_Sporting Kansas City","Usa_mls","2026-10-02","2",5.52,1,11,0.182294131815433,0.177562643952489,0.00473148786294414,0.00626360762119282,0,"v2-outcome-aware",NA,NA
"2026-10-02","2026-10-02","2026-10-02_Seattle Sounders_Sporting Kansas City","Usa_mls","2026-10-02","X",4.85,1,11,0.221077074110508,0.202091916416029,0.0189851576944789,0.0722238094359635,0,"v2-outcome-aware",NA,NA
"2026-10-02","2026-10-02","2026-10-02_Treaty United_UC Dublin","Ireland_division-1","2026-10-02","1",2.95,1,1,0.351647758483887,0.331285419204491,0.0203623392793955,0.037360887527466,0,"v2-outcome-aware",NA,NA
"2026-10-02","2026-10-02","2026-10-02_Treaty United_UC Dublin","Ireland_division-1","2026-10-02","2",2.25,1,1,0.438345175981522,0.434351994068111,0.00399318191341086,-0.0137233540415763,0,"v2-outcome-aware",NA,NA
"2026-10-02","2026-10-02","2026-10-02_Treaty United_UC Dublin","Ireland_division-1","2026-10-02","X",4.17,1,1,0.226706904172897,0.234362586727398,-0.00765568255450055,-0.054632209599018,0,"v2-outcome-aware",NA,NA
"2026-10-02","2026-10-02","2026-10-02_Wexford_Longford","Ireland_division-1","2026-10-02","1",1.85,1,1,0.561954230070114,0.528626247122026,0.033327982948088,0.0396153256297112,0,"v2-outcome-aware",NA,NA
"2026-10-02","2026-10-02","2026-10-02_Wexford_Longford","Ireland_division-1","2026-10-02","2",4.2,1,1,0.207177120447159,0.232847275518035,-0.0256701550708765,-0.129856094121933,0,"v2-outcome-aware",NA,NA
"2026-10-02","2026-10-02","2026-10-02_Wexford_Longford","Ireland_division-1","2026-10-02","X",4.1,1,1,0.229688221216202,0.238526477359939,-0.00883825614373687,-0.0582782930135728,0,"v2-outcome-aware",NA,NA
"2026-10-02","2026-10-02","2026-10-03_Albirex Niigata_Tokushima","Japan_j2-league","2026-10-03","1",2.58,1,3,0.382905250787735,0.3765694079441,0.00633584284363525,-0.0121044529676437,0,"v2-outcome-aware",NA,NA
"2026-10-02","2026-10-02","2026-10-03_Albirex Niigata_Tokushima","Japan_j2-league","2026-10-03","2",2.87,1,3,0.317366948723793,0.338518840590863,-0.0211518918670701,-0.089156857162714,0,"v2-outcome-aware",NA,NA
"2026-10-02","2026-10-02","2026-10-03_Albirex Niigata_Tokushima","Japan_j2-league","2026-10-03","X",3.41,1,3,0.265623512864113,0.284911751465037,-0.0192882386009244,-0.0942238211333751,0,"v2-outcome-aware",NA,NA
"2026-10-02","2026-10-02","2026-10-03_FK Minija_Kauno Zalgiris 2","Lithuania_i-lyga","2026-10-03","1",1.23,1,1,0.749751931428909,0.803827751196172,-0.0540758197672629,-0.0778051243424416,0,"v2-outcome-aware",NA,NA
"2026-10-02","2026-10-02","2026-10-03_FK Minija_Kauno Zalgiris 2","Lithuania_i-lyga","2026-10-03","2",18,1,1,0.0378390921279788,0.0549282296650718,-0.017089137537093,-0.318896341696382,0,"v2-outcome-aware",NA,NA
"2026-10-02","2026-10-02","2026-10-03_FK Minija_Kauno Zalgiris 2","Lithuania_i-lyga","2026-10-03","X",7,1,1,0.148552443087101,0.141244019138756,0.00730842394834499,0.0398671016097067,0,"v2-outcome-aware",NA,NA
"2026-10-02","2026-10-02","2026-10-03_Fujieda MYFC_Shonan Bellmare","Japan_j2-league","2026-10-03","1",2.92,1,3,0.330953639745712,0.33594730238394,-0.00499366263822754,-0.0336153719425202,0,"v2-outcome-aware",NA,NA
"2026-10-02","2026-10-02","2026-10-03_Fujieda MYFC_Shonan Bellmare","Japan_j2-league","2026-10-03","2",2.52,1,3,0.382638537883759,0.389272271016311,-0.00663373313255261,-0.0357508845329284,0,"v2-outcome-aware",NA,NA
"2026-10-02","2026-10-02","2026-10-03_Fujieda MYFC_Shonan Bellmare","Japan_j2-league","2026-10-03","X",3.57,1,3,0.260523043572903,0.274780426599749,-0.0142573830268464,-0.0699327344447375,0,"v2-outcome-aware",NA,NA
"2026-10-02","2026-10-02","2026-10-03_Garliava_Dainava Alytus","Lithuania_i-lyga","2026-10-03","1",3.3,1,1,0.312802991271019,0.306107661156521,0.00669533011449785,0.0322498711943624,0,"v2-outcome-aware",NA,NA
"2026-10-02","2026-10-02","2026-10-03_Garliava_Dainava Alytus","Lithuania_i-lyga","2026-10-03","2",2.33,1,1,0.428540068864822,0.433543039406232,-0.00500297054140919,-0.00150163954496385,0,"v2-outcome-aware",NA,NA
"2026-10-02","2026-10-02","2026-10-03_Garliava_Dainava Alytus","Lithuania_i-lyga","2026-10-03","X",3.88,1,1,0.254491212964058,0.260349299437247,-0.00585808647318942,-0.0125740936994553,0,"v2-outcome-aware",NA,NA
"2026-10-02","2026-10-02","2026-10-03_Kofu_Toyama","Japan_j2-league","2026-10-03","1",4.42,1,3,0.2147131934762,0.220956706276787,-0.00624351280058727,-0.0509676848351955,0,"v2-outcome-aware",NA,NA
"2026-10-02","2026-10-02","2026-10-03_Kofu_Toyama","Japan_j2-league","2026-10-03","2",1.8,1,3,0.550566220283508,0.542571467635222,0.00799475264828597,-0.008980803489685,0,"v2-outcome-aware",NA,NA
"2026-10-02","2026-10-02","2026-10-03_Kofu_Toyama","Japan_j2-league","2026-10-03","X",4.13,1,3,0.231007477641106,0.23647182608799,-0.0054643484468847,-0.0459391173422337,0,"v2-outcome-aware",NA,NA
"2026-10-02","2026-10-02","2026-10-03_Oita Trinita_Montedio Yamagata","Japan_j2-league","2026-10-03","1",2.68,1,3,0.360763189196587,0.360589957705238,0.000173231491348569,-0.0331546529531478,0,"v2-outcome-aware",NA,NA
"2026-10-02","2026-10-02","2026-10-03_Oita Trinita_Montedio Yamagata","Japan_j2-league","2026-10-03","2",2.66,1,3,0.345559570193291,0.363301160394751,-0.0177415902014604,-0.0808115432858467,0,"v2-outcome-aware",NA,NA
"2026-10-02","2026-10-02","2026-10-03_Oita Trinita_Montedio Yamagata","Japan_j2-league","2026-10-03","X",3.5,1,3,0.258716654777527,0.276108881900011,-0.017392227122484,-0.0944917082786559,0,"v2-outcome-aware",NA,NA
"2026-10-02","2026-10-02","2026-10-03_Tochigi City_Imabari","Japan_j2-league","2026-10-03","1",1.96,1,3,0.526502096652985,0.499088422971741,0.0274136736812435,0.0319441094398498,0,"v2-outcome-aware",NA,NA
"2026-10-02","2026-10-02","2026-10-03_Tochigi City_Imabari","Japan_j2-league","2026-10-03","2",3.65,1,3,0.255610406398773,0.268003646308113,-0.0123932399093398,-0.0670220166444778,0,"v2-outcome-aware",NA,NA
"2026-10-02","2026-10-02","2026-10-03_Tochigi City_Imabari","Japan_j2-league","2026-10-03","X",4.2,1,3,0.222661499679089,0.232907930720146,-0.0102464310410572,-0.0648217013478278,0,"v2-outcome-aware",NA,NA
